"","stat","item","action","total","leadingPlayer","playerMax"
"1","mineBlock.minecraft.leaves","Leaves","mined",8421,"Jemus42",2270
"2","craftItem.minecraft.coal_block","Block of Coal","crafted",459,"papierschiff",237
"3","useItem.minecraft.furnace","Furnace","used",230,"DarkEagle",66
"4","mineBlock.minecraft.coal_ore","Coal Ore","mined",7332,"daborstie",1428
"5","craftItem.minecraft.iron_shovel","Iron Shovel","crafted",280,"DarkEagle",267
"6","useItem.minecraft.chest","Chest","used",1969,"Fenhl",656
"7","useItem.minecraft.cake","Cake","used",11,"Bediko",8
"8","useItem.minecraft.wooden_door","Wooden Door","used",105,"naturalismus",51
"9","craftItem.minecraft.wooden_door","Wooden Door","crafted",73,"naturalismus",45
"10","mineBlock.minecraft.sand","Sand","mined",7116,"Lichtlos",2944
"11","craftItem.minecraft.furnace","Furnace","crafted",146,"DarkEagle",39
"12","craftItem.minecraft.chest","Chest","crafted",862,"Fenhl",180
"13","mineBlock.minecraft.vine","Vines","mined",257,"monographic",142
"14","useItem.minecraft.iron_pickaxe","Iron Pickaxe","used",80629,"DarkEagle",41895
"15","mineBlock.minecraft.snow_layer","Snow","mined",3494,"drseilzug",2572
"16","useItem.minecraft.nether_brick","Nether Brick","used",7523,"Fenhl",4593
"17","craftItem.minecraft.jungle_stairs","Jungle Wood Stairs","crafted",100,"monographic",100
"18","mineBlock.minecraft.yellow_flower","Dandelion","mined",101,"DarkEagle",66
"19","useItem.minecraft.netherrack","Netherrack","used",3579,"Messaz",842
"20","useItem.minecraft.jungle_stairs","Jungle Wood Stairs","used",106,"monographic",106
"21","craftItem.minecraft.boat","Boat","crafted",52,"naturalismus",29
"22","useItem.minecraft.bed","Bed","used",107,"naturalismus",48
"23","useItem.minecraft.torch","Torch","used",10857,"DarkEagle",2076
"24","mineBlock.minecraft.wooden_pressure_plate","Wooden Pressure Plate","mined",10,"daborstie",6
"25","mineBlock.minecraft.sandstone","Sandstone","mined",7086,"Lichtlos",6903
"26","mineBlock.minecraft.stone","Stone","mined",196529,"BenemitC",42939
"27","useItem.minecraft.iron_shovel","Iron Shovel","used",63827,"DarkEagle",59337
"28","useItem.minecraft.ender_chest","Ender Chest","used",80,"naturalismus",37
"29","craftItem.minecraft.iron_ingot","Iron Ingot","crafted",5289,"naturalismus",1682
"30","craftItem.minecraft.wooden_pressure_plate","Wooden Pressure Plate","crafted",45,"madmalik",32
"31","craftItem.minecraft.planks","Wooden Planks","crafted",34792,"DarkEagle",7944
"32","craftItem.minecraft.bucket","Bucket","crafted",35,"naturalismus",21
"33","useItem.minecraft.diamond_sword","Diamond Sword","used",7536,"Lichtlos",2402
"34","mineBlock.minecraft.iron_bars","Iron Bars","mined",412,"BenemitC",375
"35","useItem.minecraft.minecart","Minecart","used",910,"Fenhl",262
"36","mineBlock.minecraft.planks","Wooden Planks","mined",5421,"BenemitC",1329
"37","useItem.minecraft.diamond_shovel","Diamond Shovel","used",60384,"BenemitC",28092
"38","useItem.minecraft.diamond_axe","Diamond Axe","used",28278,"BenemitC",8478
"39","useItem.minecraft.diamond_hoe","Diamond Hoe","used",107,"Jemus42",105
"40","mineBlock.minecraft.nether_brick_stairs","Nether Brick Stairs","mined",294,"Jemus42",259
"41","mineBlock.minecraft.cocoa","Cocoa","mined",7,"monographic",4
"42","useItem.minecraft.cooked_chicken","Cooked Chicken","used",332,"Fenhl",324
"43","useItem.minecraft.iron_bars","Iron Bars","used",2562,"BenemitC",2493
"44","mineBlock.minecraft.dirt","Dirt","mined",81940,"DarkEagle",40706
"45","useItem.minecraft.planks","Wooden Planks","used",8013,"DarkEagle",4839
"46","useItem.minecraft.dirt","Dirt","used",36551,"DarkEagle",25502
"47","useItem.minecraft.log","Wood","used",4847,"DarkEagle",2400
"48","mineBlock.minecraft.netherrack","Netherrack","mined",29169,"naturalismus",10641
"49","craftItem.minecraft.emerald","Emerald","crafted",1539,"Fenhl",1092
"50","craftItem.minecraft.nether_brick","Nether Brick","crafted",4411,"Fenhl",2668
"51","useItem.minecraft.stone_slab","Slab","used",17021,"DarkEagle",6489
"52","breakItem.minecraft.iron_shovel","Iron Shovel","broken",249,"DarkEagle",234
"53","mineBlock.minecraft.melon_block","Melon","mined",9,"monographic",5
"54","mineBlock.minecraft.log","Wood","mined",16309,"DarkEagle",5232
"55","useItem.minecraft.flint_and_steel","Flint and Steel","used",1950,"Messaz",1209
"56","mineBlock.minecraft.torch","Torch","mined",2509,"DarkEagle",570
"57","mineBlock.minecraft.cobblestone","Cobblestone","mined",3414,"Fenhl",607
"58","mineBlock.minecraft.jungle_stairs","Jungle Wood Stairs","mined",7,"monographic",7
"59","mineBlock.minecraft.stone_slab","Slab","mined",4431,"DarkEagle",1479
"60","useItem.minecraft.pumpkin_seeds","Pumpkin Seeds","used",8,"drseilzug",7
"61","craftItem.minecraft.iron_pickaxe","Iron Pickaxe","crafted",297,"DarkEagle",171
"62","craftItem.minecraft.crafting_table","Crafting Table","crafted",1272,"naturalismus",770
"63","craftItem.minecraft.netherbrick","Nether Brick","crafted",945,"DarkEagle",576
"64","mineBlock.minecraft.tallgrass","Tall Grass","mined",2980,"daborstie",923
"65","mineBlock.minecraft.nether_brick","Nether Brick","mined",1270,"BenemitC",453
"66","useItem.minecraft.crafting_table","Crafting Table","used",2526,"naturalismus",1335
"67","mineBlock.minecraft.monster_egg","Monster Egg","mined",96,"L3viathan",46
"68","useItem.minecraft.wooden_pressure_plate","Wooden Pressure Plate","used",23,"daborstie",15
"69","useItem.minecraft.comparator","Comparator","used",200,"Fenhl",156
"70","useItem.minecraft.nether_brick_stairs","Nether Brick Stairs","used",68,"DarkEagle",32
"71","mineBlock.minecraft.coal_block","Block of Coal","mined",2,"L3viathan",1
"72","useItem.minecraft.sticky_piston","Sticky Piston","used",301,"Messaz",141
"73","useItem.minecraft.sign","Sign","used",912,"Fenhl",494
"74","breakItem.minecraft.iron_pickaxe","Iron Pickaxe","broken",260,"DarkEagle",165
"75","useItem.minecraft.cobblestone","Cobblestone","used",13338,"papierschiff",2785
"76","craftItem.minecraft.coal","Coal","crafted",4372,"Fenhl",2307
"77","mineBlock.minecraft.stonebrick","Stone Brick","mined",17252,"L3viathan",6037
"78","mineBlock.minecraft.brick_block","Brick","mined",153,"BenemitC",92
"79","breakItem.minecraft.wooden_pickaxe","Wooden Pickaxe","broken",16,"Bediko",6
"80","mineBlock.minecraft.double_plant","Large Flower","mined",152,"katethie",44
"81","useItem.minecraft.wooden_pickaxe","Wooden Pickaxe","used",1319,"Bediko",585
"82","craftItem.minecraft.wooden_axe","Wooden Axe","crafted",1,"katethie",1
"83","craftItem.minecraft.dye","Dye","crafted",5394,"madmalik",1712
"84","useItem.minecraft.repeater","Repeater","used",204,"naturalismus",74
"85","mineBlock.minecraft.lever","Lever","mined",58,"naturalismus",40
"86","useItem.minecraft.redstone","Redstone Dust","used",1375,"Fenhl",509
"87","useItem.minecraft.oak_stairs","Oak Wood Stairs","used",1236,"naturalismus",564
"88","mineBlock.minecraft.piston","Piston","mined",114,"naturalismus",80
"89","useItem.minecraft.shears","Shears","used",2771,"Jemus42",1708
"90","craftItem.minecraft.redstone_torch","Redstone Torch","crafted",733,"Fenhl",428
"91","craftItem.minecraft.stone","Stone","crafted",26998,"DarkEagle",16569
"92","craftItem.minecraft.iron_axe","Iron Axe","crafted",44,"DarkEagle",24
"93","mineBlock.minecraft.red_flower","Flower","mined",373,"katethie",168
"94","craftItem.minecraft.iron_sword","Iron Sword","crafted",30,"BenemitC",6
"95","useItem.minecraft.iron_sword","Iron Sword","used",3409,"daborstie",1209
"96","useItem.minecraft.dye","Dye","used",465,"madmalik",212
"97","mineBlock.minecraft.brick_stairs","Brick Stairs","mined",24,"katethie",24
"98","craftItem.minecraft.redstone","Redstone Dust","crafted",2375,"Fenhl",1151
"99","craftItem.minecraft.stone_button","Stone Button","crafted",69,"BenemitC",30
"100","craftItem.minecraft.fence_gate","Fence Gate","crafted",24,"daborstie",12
"101","craftItem.minecraft.spruce_stairs","Spruce Wood Stairs","crafted",532,"DarkEagle",336
"102","mineBlock.minecraft.spruce_stairs","Spruce Wood Stairs","mined",562,"DarkEagle",345
"103","craftItem.minecraft.sugar","Sugar","crafted",71,"katethie",52
"104","craftItem.minecraft.fence","Fence","crafted",1958,"DarkEagle",1122
"105","breakItem.minecraft.iron_sword","Iron Sword","broken",9,"DarkEagle",3
"106","useItem.minecraft.sand","Sand","used",1412,"Lichtlos",840
"107","craftItem.minecraft.stone_slab","Slab","crafted",13332,"DarkEagle",5040
"108","useItem.minecraft.iron_axe","Iron Axe","used",7786,"DarkEagle",5547
"109","mineBlock.minecraft.birch_stairs","Birch Wood Stairs","mined",145,"Messaz",126
"110","mineBlock.minecraft.oak_stairs","Oak Wood Stairs","mined",1422,"naturalismus",499
"111","useItem.minecraft.fence_gate","Fence Gate","used",32,"daborstie",18
"112","useItem.minecraft.stonebrick","Stone Brick","used",40176,"BenemitC",25959
"113","useItem.minecraft.leaves","Leaves","used",1691,"Jemus42",966
"114","breakItem.minecraft.iron_axe","Iron Axe","broken",28,"DarkEagle",21
"115","useItem.minecraft.wooden_slab","Wooden Slab","used",1168,"BenemitC",639
"116","useItem.minecraft.brick_block","Brick","used",91,"BenemitC",40
"117","useItem.minecraft.brick_stairs","Brick Stairs","used",14,"katethie",14
"118","mineBlock.minecraft.fence_gate","Fence Gate","mined",8,"daborstie",6
"119","craftItem.minecraft.repeater","Repeater","crafted",22,"naturalismus",8
"120","useItem.minecraft.fence","Fence","used",3157,"DarkEagle",1542
"121","craftItem.minecraft.cake","Cake","crafted",4,"katethie",2
"122","useItem.minecraft.spruce_stairs","Spruce Wood Stairs","used",910,"DarkEagle",633
"123","craftItem.minecraft.shears","Shears","crafted",23,"Jemus42",7
"124","useItem.minecraft.stone_button","Stone Button","used",98,"BenemitC",39
"125","craftItem.minecraft.stick","Stick","crafted",8494,"DarkEagle",1792
"126","useItem.minecraft.wooden_axe","Wooden Axe","used",47,"katethie",47
"127","mineBlock.minecraft.fence","Fence","mined",1230,"DarkEagle",438
"128","mineBlock.minecraft.obsidian","Obsidian","mined",1026,"naturalismus",310
"129","breakItem.minecraft.shears","Shears","broken",14,"Jemus42",6
"130","useItem.minecraft.quartz_ore","Nether Quartz Ore","used",64,"Jemus42",64
"131","craftItem.minecraft.fishing_rod","Fishing Rod","crafted",7,"drseilzug",2
"132","craftItem.minecraft.gold_ingot","Gold Ingot","crafted",948,"Fenhl",560
"133","useItem.minecraft.coal_ore","Coal Ore","used",404,"BenemitC",324
"134","useItem.minecraft.water_bucket","Water Bucket","used",240,"Jemus42",86
"135","craftItem.minecraft.cooked_beef","Steak","crafted",646,"papierschiff",204
"136","craftItem.minecraft.wooden_button","Wooden Button","crafted",93,"Jemus42",32
"137","useItem.minecraft.lever","Lever","used",155,"naturalismus",110
"138","mineBlock.minecraft.enchanting_table","Enchantment Table","mined",4,"Jemus42",2
"139","craftItem.minecraft.stonebrick","Stone Brick","crafted",43482,"BenemitC",26985
"140","mineBlock.minecraft.crafting_table","Crafting Table","mined",1324,"naturalismus",561
"141","mineBlock.minecraft.ice","Ice","mined",378,"Jemus42",230
"142","mineBlock.minecraft.gold_ore","Gold Ore","mined",546,"daborstie",128
"143","craftItem.minecraft.bed","Bed","crafted",33,"naturalismus",16
"144","craftItem.minecraft.paper","Paper","crafted",21958,"Fenhl",13306
"145","mineBlock.minecraft.emerald_ore","Emerald Ore","mined",66,"BenemitC",20
"146","useItem.minecraft.redstone_ore","Redstone Ore","used",51,"Jemus42",39
"147","useItem.minecraft.ender_pearl","Ender Pearl","used",295,"Jemus42",186
"148","useItem.minecraft.cactus","Cactus","used",25,"Lichtlos",18
"149","useItem.minecraft.fishing_rod","Fishing Rod","used",60,"L3viathan",35
"150","useItem.minecraft.rail","Rail","used",522,"naturalismus",325
"151","mineBlock.minecraft.anvil","Anvil","mined",19,"Jemus42",5
"152","useItem.minecraft.diamond_pickaxe","Diamond Pickaxe","used",213708,"BenemitC",57933
"153","useItem.minecraft.mushroom_stew","Mushroom Stew","used",51,"Fenhl",21
"154","mineBlock.minecraft.golden_rail","Powered Rail","mined",1287,"L3viathan",837
"155","craftItem.minecraft.hopper","Hopper","crafted",264,"Jemus42",130
"156","craftItem.minecraft.carpet","Carpet","crafted",291,"DarkEagle",207
"157","craftItem.minecraft.torch","Torch","crafted",9782,"Lichtlos",1836
"158","useItem.minecraft.end_stone","End Stone","used",1658,"L3viathan",565
"159","craftItem.minecraft.gold_block","Block of Gold","crafted",91,"Fenhl",61
"160","craftItem.minecraft.iron_block","Block of Iron","crafted",172,"Jemus42",55
"161","useItem.minecraft.glowstone","Glowstone","used",1430,"naturalismus",670
"162","useItem.minecraft.hopper","Hopper","used",557,"Fenhl",244
"163","useItem.minecraft.ice","Ice","used",687,"Jemus42",610
"164","craftItem.minecraft.sign","Sign","crafted",356,"Fenhl",188
"165","mineBlock.minecraft.glass","Glass","mined",1330,"Messaz",726
"166","mineBlock.minecraft.chest","Chest","mined",1469,"naturalismus",646
"167","useItem.minecraft.redstone_block","Block of Redstone","used",16,"naturalismus",6
"168","useItem.minecraft.reeds","Sugar Cane","used",99,"daborstie",42
"169","craftItem.minecraft.lapis_block","Lapis Lazuli Block","crafted",318,"Jemus42",107
"170","useItem.minecraft.stained_glass","Stained Glass","used",10,"Jemus42",6
"171","useItem.minecraft.boat","Boat","used",2,"Jemus42",2
"172","mineBlock.minecraft.glowstone","Glowstone","mined",1847,"naturalismus",1006
"173","mineBlock.minecraft.quartz_ore","Nether Quartz Ore","mined",1690,"naturalismus",1401
"174","useItem.minecraft.stone","Stone","used",16305,"naturalismus",4882
"175","useItem.minecraft.sapling","Sapling","used",2010,"Fenhl",488
"176","useItem.minecraft.egg","Egg","used",19,"Jemus42",19
"177","useItem.minecraft.writable_book","Book and Quill","used",2,"Jemus42",1
"178","useItem.minecraft.obsidian","Obsidian","used",179,"Lichtlos",86
"179","craftItem.minecraft.lever","Lever","crafted",123,"naturalismus",100
"180","useItem.minecraft.packed_ice","Packed Ice","used",1572,"naturalismus",1140
"181","mineBlock.minecraft.carpet","Carpet","mined",234,"DarkEagle",111
"182","mineBlock.minecraft.gravel","Gravel","mined",10103,"Fenhl",3994
"183","craftItem.minecraft.trapdoor","Trapdoor","crafted",634,"Jemus42",474
"184","mineBlock.minecraft.iron_ore","Iron Ore","mined",1479,"daborstie",323
"185","useItem.minecraft.ladder","Ladder","used",808,"BenemitC",312
"186","mineBlock.minecraft.rail","Rail","mined",390,"naturalismus",251
"187","craftItem.minecraft.golden_apple","Golden Apple","crafted",11,"Fenhl",7
"188","useItem.minecraft.wooden_button","Wooden Button","used",101,"Jemus42",32
"189","useItem.minecraft.lapis_ore","Lapis Lazuli Ore","used",60,"Jemus42",60
"190","useItem.minecraft.emerald_ore","Emerald Ore","used",16,"Jemus42",8
"191","useItem.minecraft.carpet","Carpet","used",424,"Lichtlos",162
"192","breakItem.minecraft.diamond_shovel","Diamond Shovel","broken",6,"DarkEagle",3
"193","useItem.minecraft.glass","Glass","used",5569,"naturalismus",2063
"194","mineBlock.minecraft.end_stone","End Stone","mined",2331,"Jemus42",971
"195","craftItem.minecraft.ladder","Ladder","crafted",951,"BenemitC",270
"196","useItem.minecraft.cooked_beef","Steak","used",405,"Jemus42",191
"197","useItem.minecraft.trapdoor","Trapdoor","used",579,"Jemus42",354
"198","useItem.minecraft.snowball","Snowball","used",1,"Jemus42",1
"199","useItem.minecraft.bow","Bow","used",805,"Fenhl",574
"200","craftItem.minecraft.bowl","Bowl","crafted",4,"Jemus42",4
"201","mineBlock.minecraft.lapis_ore","Lapis Lazuli Ore","mined",217,"Jemus42",81
"202","mineBlock.minecraft.ender_chest","Ender Chest","mined",29,"BenemitC",12
"203","useItem.minecraft.anvil","Anvil","used",38,"Fenhl",7
"204","mineBlock.minecraft.ladder","Ladder","mined",81,"Lichtlos",30
"205","mineBlock.minecraft.wool","Wool","mined",140,"DarkEagle",129
"206","useItem.minecraft.stone_hoe","Stone Hoe","used",405,"Bediko",158
"207","mineBlock.minecraft.redstone_ore","Redstone Ore","mined",1696,"papierschiff",579
"208","useItem.minecraft.bucket","Bucket","used",256,"Jemus42",86
"209","useItem.minecraft.bookshelf","Bookshelf","used",110,"daborstie",45
"210","craftItem.minecraft.book","Book","crafted",723,"Fenhl",268
"211","craftItem.minecraft.stone_hoe","Stone Hoe","crafted",10,"Bediko",4
"212","craftItem.minecraft.leather_chestplate","Leather Tunic","crafted",18,"Jemus42",8
"213","mineBlock.minecraft.beacon","Beacon","mined",31,"Jemus42",19
"214","useItem.minecraft.beacon","Beacon","used",32,"Jemus42",19
"215","useItem.minecraft.rotten_flesh","Rotten Flesh","used",84,"L3viathan",60
"216","mineBlock.minecraft.bookshelf","Bookshelf","mined",115,"Messaz",51
"217","mineBlock.minecraft.furnace","Furnace","mined",81,"DarkEagle",30
"218","useItem.minecraft.golden_rail","Powered Rail","used",9909,"Lichtlos",3186
"219","mineBlock.minecraft.stained_glass","Stained Glass","mined",7,"Jemus42",4
"220","mineBlock.minecraft.hopper","Hopper","mined",118,"Fenhl",39
"221","useItem.minecraft.wool","Wool","used",3301,"DarkEagle",3273
"222","useItem.minecraft.gravel","Gravel","used",4525,"madmalik",3858
"223","useItem.minecraft.written_book","Written Book","used",4,"Jemus42",3
"224","useItem.minecraft.potion","Potion","used",2,"Jemus42",2
"225","useItem.minecraft.wheat_seeds","Seeds","used",4890,"Jemus42",2104
"226","mineBlock.minecraft.redstone_block","Block of Redstone","mined",18,"naturalismus",9
"227","useItem.minecraft.enchanting_table","Enchantment Table","used",7,"L3viathan",2
"228","craftItem.minecraft.stone_pressure_plate","Stone Pressure Plate","crafted",18,"daborstie",6
"229","useItem.minecraft.tripwire_hook","Tripwire Hook","used",70,"Fenhl",68
"230","mineBlock.minecraft.iron_block","Block of Iron","mined",626,"L3viathan",520
"231","useItem.minecraft.record_mellohi","Music Disc: C418  mellohi","used",8,"Fenhl",5
"232","useItem.minecraft.brewing_stand","Brewing Stand","used",1,"drseilzug",1
"233","useItem.minecraft.cobblestone_wall","Cobblestone Wall","used",788,"DarkEagle",702
"234","mineBlock.minecraft.sticky_piston","Sticky Piston","mined",205,"Messaz",120
"235","useItem.minecraft.snow","Snow Block","used",61,"drseilzug",61
"236","useItem.minecraft.string","String","used",419,"Fenhl",417
"237","useItem.minecraft.redstone_lamp","Redstone Lamp","used",33,"Fenhl",19
"238","useItem.minecraft.quartz_stairs","Quartz Stairs","used",2,"drseilzug",2
"239","useItem.minecraft.coal_block","Block of Coal","used",4,"Messaz",2
"240","craftItem.minecraft.pumpkin_seeds","Pumpkin Seeds","crafted",8,"drseilzug",8
"241","mineBlock.minecraft.pumpkin","Pumpkin","mined",219,"madmalik",164
"242","craftItem.minecraft.anvil","Anvil","crafted",174,"Fenhl",162
"243","craftItem.minecraft.emerald_block","Block of Emerald","crafted",91,"Fenhl",65
"244","craftItem.minecraft.glowstone","Glowstone","crafted",161,"Fenhl",68
"245","useItem.minecraft.iron_door","Iron Door","used",59,"BenemitC",36
"246","useItem.minecraft.iron_hoe","Iron Hoe","used",317,"alexex",206
"247","craftItem.minecraft.iron_hoe","Iron Hoe","crafted",4,"BenemitC",2
"248","craftItem.minecraft.snow","Snow Block","crafted",739,"drseilzug",638
"249","craftItem.minecraft.iron_bars","Iron Bars","crafted",2256,"BenemitC",2208
"250","useItem.minecraft.iron_block","Block of Iron","used",682,"L3viathan",544
"251","useItem.minecraft.item_frame","Item Frame","used",640,"Fenhl",481
"252","mineBlock.minecraft.dropper","Dropper","mined",70,"Bediko",57
"253","mineBlock.minecraft.redstone_lamp","Redstone Lamp","mined",27,"BenemitC",20
"254","useItem.minecraft.nether_wart","Nether Wart","used",23,"drseilzug",21
"255","useItem.minecraft.dropper","Dropper","used",84,"Bediko",69
"256","useItem.minecraft.lead","Lead","used",2,"drseilzug",2
"257","useItem.minecraft.pumpkin","Pumpkin","used",389,"madmalik",252
"258","mineBlock.minecraft.snow","Snow Block","mined",38,"drseilzug",33
"259","craftItem.minecraft.minecart","Minecart","crafted",59,"naturalismus",40
"260","craftItem.minecraft.item_frame","Item Frame","crafted",132,"Fenhl",57
"261","craftItem.minecraft.lead","Lead","crafted",10,"naturalismus",8
"262","craftItem.minecraft.glass","Glass","crafted",3020,"Messaz",1068
"263","craftItem.minecraft.glass_bottle","Glass Bottle","crafted",129,"drseilzug",66
"264","mineBlock.minecraft.tnt","TNT","mined",67,"naturalismus",36
"265","mineBlock.minecraft.stone_stairs","Cobblestone Stairs","mined",169,"BenemitC",60
"266","craftItem.minecraft.tnt","TNT","crafted",70,"L3viathan",22
"267","craftItem.minecraft.bow","Bow","crafted",16,"naturalismus",10
"268","useItem.minecraft.melon_seeds","Melon Seeds","used",12,"L3viathan",6
"269","useItem.minecraft.tnt","TNT","used",184,"L3viathan",88
"270","mineBlock.minecraft.stone_button","Stone Button","mined",53,"BenemitC",24
"271","mineBlock.minecraft.cactus","Cactus","mined",30,"Lichtlos",22
"272","craftItem.minecraft.beacon","Beacon","crafted",2,"L3viathan",2
"273","mineBlock.minecraft.diamond_ore","Diamond Ore","mined",209,"papierschiff",91
"274","craftItem.minecraft.flint_and_steel","Flint and Steel","crafted",56,"Messaz",24
"275","useItem.minecraft.baked_potato","Baked Potato","used",15,"xsteadfastx",6
"276","useItem.minecraft.sandstone","Sandstone","used",4790,"Lichtlos",4659
"277","useItem.minecraft.stone_pressure_plate","Stone Pressure Plate","used",29,"L3viathan",7
"278","craftItem.minecraft.enchanting_table","Enchantment Table","crafted",3,"daborstie",2
"279","craftItem.minecraft.diamond_pickaxe","Diamond Pickaxe","crafted",44,"BenemitC",18
"280","mineBlock.minecraft.brown_mushroom","Brown Mushroom","mined",101,"gilbster",49
"281","craftItem.minecraft.bookshelf","Bookshelf","crafted",46,"daborstie",45
"282","useItem.minecraft.bread","Bread","used",5,"L3viathan",3
"283","craftItem.minecraft.diamond","Diamond","crafted",36,"L3viathan",18
"284","craftItem.minecraft.redstone_block","Block of Redstone","crafted",651,"papierschiff",355
"285","breakItem.minecraft.flint_and_steel","Flint and Steel","broken",25,"Messaz",18
"286","mineBlock.minecraft.redstone_torch","Redstone Torch","mined",338,"Messaz",114
"287","breakItem.minecraft.stone_hoe","Stone Hoe","broken",1,"L3viathan",1
"288","useItem.minecraft.dragon_egg","Dragon Egg","used",21,"L3viathan",8
"289","craftItem.minecraft.sticky_piston","Sticky Piston","crafted",52,"Messaz",42
"290","mineBlock.minecraft.trapped_chest","Trapped Chest","mined",2,"L3viathan",2
"291","useItem.minecraft.double_plant","Large Flower","used",5,"Fenhl",3
"292","useItem.minecraft.piston","Piston","used",163,"naturalismus",82
"293","useItem.minecraft.trapped_chest","Trapped Chest","used",68,"Fenhl",64
"294","craftItem.minecraft.dropper","Dropper","crafted",22,"Bediko",15
"295","craftItem.minecraft.melon_seeds","Melon Seeds","crafted",6,"L3viathan",6
"296","useItem.minecraft.dispenser","Dispenser","used",38,"naturalismus",27
"297","useItem.minecraft.redstone_torch","Redstone Torch","used",641,"L3viathan",177
"298","useItem.minecraft.stone_stairs","Cobblestone Stairs","used",2215,"BenemitC",1572
"299","mineBlock.minecraft.dispenser","Dispenser","mined",676,"L3viathan",378
"300","mineBlock.minecraft.stone_pressure_plate","Stone Pressure Plate","mined",8,"L3viathan",4
"301","craftItem.minecraft.diamond_boots","Diamond Boots","crafted",1,"felis",1
"302","craftItem.minecraft.wooden_slab","Wooden Slab","crafted",918,"BenemitC",486
"303","craftItem.minecraft.diamond_helmet","Diamond Helmet","crafted",5,"BenemitC",4
"304","craftItem.minecraft.diamond_leggings","Diamond Leggings","crafted",1,"felis",1
"305","useItem.minecraft.birch_stairs","Birch Wood Stairs","used",114,"Messaz",99
"306","useItem.minecraft.carrot","Carrot","used",21,"gilbster",18
"307","mineBlock.minecraft.wooden_slab","Wooden Slab","mined",550,"BenemitC",327
"308","craftItem.minecraft.noteblock","Note Block","crafted",2,"Fenhl",1
"309","craftItem.minecraft.birch_stairs","Birch Wood Stairs","crafted",200,"Messaz",192
"310","craftItem.minecraft.rail","Rail","crafted",240,"naturalismus",224
"311","craftItem.minecraft.iron_trapdoor","Iron Trapdoor","crafted",1,"felis",1
"312","craftItem.minecraft.writable_book","Book and Quill","crafted",61,"Fenhl",33
"313","craftItem.minecraft.diamond_chestplate","Diamond Chestplate","crafted",1,"felis",1
"314","craftItem.minecraft.gold_nugget","Gold Nugget","crafted",27,"Fenhl",27
"315","useItem.minecraft.record_13","Music Disc: C418  13","used",2,"Fenhl",2
"316","craftItem.minecraft.ender_eye","Eye of Ender","crafted",88,"naturalismus",55
"317","useItem.minecraft.glass_bottle","Glass Bottle","used",1,"Fenhl",1
"318","craftItem.minecraft.bread","Bread","crafted",54,"BenemitC",21
"319","mineBlock.minecraft.jukebox","Jukebox","mined",3,"Fenhl",3
"320","useItem.minecraft.tallgrass","Tall Grass","used",2,"Fenhl",2
"321","craftItem.minecraft.comparator","Comparator","crafted",116,"Fenhl",111
"322","craftItem.minecraft.cooked_chicken","Cooked Chicken","crafted",79,"BenemitC",45
"323","useItem.minecraft.fire_charge","Fire Charge","used",1,"Fenhl",1
"324","craftItem.minecraft.map","Empty Map","crafted",72,"naturalismus",64
"325","craftItem.minecraft.compass","Compass","crafted",72,"naturalismus",64
"326","mineBlock.minecraft.noteblock","Note Block","mined",7,"Fenhl",7
"327","useItem.minecraft.stone_brick_stairs","Stone Brick Stairs","used",8582,"DarkEagle",4347
"328","useItem.minecraft.noteblock","Note Block","used",13,"Fenhl",13
"329","craftItem.minecraft.fire_charge","Fire Charge","crafted",180,"Fenhl",177
"330","useItem.minecraft.light_weighted_pressure_plate","Weighted Pressure Plate (Light)","used",134,"Fenhl",134
"331","craftItem.minecraft.ender_chest","Ender Chest","crafted",53,"naturalismus",44
"332","craftItem.minecraft.stone_brick_stairs","Stone Brick Stairs","crafted",5808,"DarkEagle",2952
"333","craftItem.minecraft.tripwire_hook","Tripwire Hook","crafted",126,"Fenhl",126
"334","useItem.minecraft.detector_rail","Detector Rail","used",1333,"Lichtlos",760
"335","craftItem.minecraft.clock","Clock","crafted",2,"Fenhl",1
"336","craftItem.minecraft.trapped_chest","Trapped Chest","crafted",63,"Fenhl",63
"337","craftItem.minecraft.wool","Wool","crafted",44,"daborstie",42
"338","craftItem.minecraft.redstone_lamp","Redstone Lamp","crafted",16,"Fenhl",15
"339","breakItem.minecraft.bow","Bow","broken",1,"Fenhl",1
"340","craftItem.minecraft.blaze_powder","Blaze Powder","crafted",152,"Fenhl",92
"341","mineBlock.minecraft.stone_brick_stairs","Stone Brick Stairs","mined",3111,"BenemitC",1893
"342","craftItem.minecraft.oak_stairs","Oak Wood Stairs","crafted",472,"Fenhl",208
"343","mineBlock.minecraft.leaves2","Leaves","mined",176,"DarkEagle",91
"344","mineBlock.minecraft.log2","Wood","mined",424,"DarkEagle",372
"345","craftItem.minecraft.golden_leggings","Golden Leggings","crafted",2,"BenemitC",1
"346","mineBlock.minecraft.light_weighted_pressure_plate","Weighted Pressure Plate (Light)","mined",134,"Fenhl",134
"347","useItem.minecraft.flower_pot","Flower Pot","used",13,"daborstie",12
"348","craftItem.minecraft.slime","Slime Block","crafted",13,"Fenhl",8
"349","mineBlock.minecraft.detector_rail","Detector Rail","mined",12,"Lichtlos",6
"350","mineBlock.minecraft.tripwire_hook","Tripwire Hook","mined",2,"Fenhl",2
"351","mineBlock.minecraft.sapling","Sapling","mined",83,"Lichtlos",32
"352","craftItem.minecraft.piston","Piston","crafted",118,"Fenhl",61
"353","useItem.minecraft.activator_rail","Activator Rail","used",461,"Fenhl",451
"354","mineBlock.minecraft.activator_rail","Activator Rail","mined",6,"naturalismus",5
"355","mineBlock.minecraft.clay","Clay Block","mined",50,"sascha",24
"356","craftItem.minecraft.light_weighted_pressure_plate","Weighted Pressure Plate (Light)","crafted",1,"Fenhl",1
"357","craftItem.minecraft.dispenser","Dispenser","crafted",5,"naturalismus",4
"358","useItem.minecraft.jukebox","Jukebox","used",3,"Fenhl",3
"359","mineBlock.minecraft.gold_block","Block of Gold","mined",3,"naturalismus",3
"360","craftItem.minecraft.iron_leggings","Iron Leggings","crafted",3,"naturalismus",1
"361","craftItem.minecraft.iron_helmet","Iron Helmet","crafted",7,"Bediko",2
"362","craftItem.minecraft.iron_door","Iron Door","crafted",32,"BenemitC",12
"363","useItem.minecraft.stained_hardened_clay","Stained Clay","used",372,"madmalik",362
"364","craftItem.minecraft.cooked_porkchop","Cooked Porkchop","crafted",83,"naturalismus",76
"365","craftItem.minecraft.iron_boots","Iron Boots","crafted",6,"Lichtlos",2
"366","mineBlock.minecraft.cobblestone_wall","Cobblestone Wall","mined",196,"DarkEagle",195
"367","mineBlock.minecraft.deadbush","Dead Bush","mined",6,"Lichtlos",5
"368","craftItem.minecraft.stone_pickaxe","Stone Pickaxe","crafted",87,"Bediko",66
"369","mineBlock.minecraft.nether_brick_fence","Nether Brick Fence","mined",44,"DarkEagle",34
"370","mineBlock.minecraft.glass_pane","Glass Pane","mined",50,"Messaz",48
"371","useItem.minecraft.skull","Mob Head","used",16,"naturalismus",14
"372","useItem.minecraft.slime","Slime Block","used",1,"naturalismus",1
"373","craftItem.minecraft.iron_chestplate","Iron Chestplate","crafted",3,"naturalismus",1
"374","craftItem.minecraft.glass_pane","Glass Pane","crafted",304,"Messaz",192
"375","craftItem.minecraft.painting","Painting","crafted",1,"naturalismus",1
"376","useItem.minecraft.glass_pane","Glass Pane","used",251,"Messaz",159
"377","mineBlock.minecraft.waterlily","Lily Pad","mined",9,"naturalismus",9
"378","craftItem.minecraft.clay","Clay Block","crafted",1,"naturalismus",1
"379","useItem.minecraft.hopper_minecart","Minecart with Hopper","used",4,"naturalismus",4
"380","useItem.minecraft.nether_brick_fence","Nether Brick Fence","used",176,"DarkEagle",156
"381","useItem.minecraft.red_flower","Flower","used",27,"daborstie",26
"382","mineBlock.minecraft.packed_ice","Packed Ice","mined",3097,"naturalismus",3097
"383","useItem.minecraft.sandstone_stairs","Sandstone Stairs","used",318,"Lichtlos",273
"384","craftItem.minecraft.diamond_shovel","Diamond Shovel","crafted",8,"Messaz",3
"385","craftItem.minecraft.jukebox","Jukebox","crafted",1,"naturalismus",1
"386","craftItem.minecraft.hopper_minecart","Minecart with Hopper","crafted",4,"naturalismus",4
"387","useItem.minecraft.vine","Vines","used",1,"naturalismus",1
"388","useItem.minecraft.cooked_porkchop","Cooked Porkchop","used",10,"naturalismus",10
"389","mineBlock.minecraft.hardened_clay","Hardened Clay","mined",70,"naturalismus",70
"390","craftItem.minecraft.sandstone_stairs","Sandstone Stairs","crafted",280,"Lichtlos",216
"391","mineBlock.minecraft.stained_hardened_clay","Stained Clay","mined",130,"naturalismus",65
"392","useItem.minecraft.gold_ore","Gold Ore","used",5,"Lichtlos",4
"393","mineBlock.minecraft.sandstone_stairs","Sandstone Stairs","mined",104,"Lichtlos",93
"394","useItem.minecraft.hardened_clay","Hardened Clay","used",6,"naturalismus",6
"395","useItem.minecraft.stone_axe","Stone Axe","used",3446,"Bediko",1206
"396","useItem.minecraft.stone_pickaxe","Stone Pickaxe","used",9417,"Bediko",7350
"397","useItem.minecraft.stone_sword","Stone Sword","used",76,"madmalik",49
"398","craftItem.minecraft.hay_block","Hay Bale","crafted",128,"papierschiff",128
"399","craftItem.minecraft.wheat","Wheat","crafted",135,"papierschiff",135
"400","craftItem.minecraft.diamond_block","Block of Diamond","crafted",31,"papierschiff",19
"401","mineBlock.minecraft.wooden_button","Wooden Button","mined",20,"DarkEagle",12
"402","craftItem.minecraft.wooden_hoe","Wooden Hoe","crafted",13,"Lichtlos",6
"403","useItem.minecraft.wooden_sword","Wooden Sword","used",19,"viirus42",17
"404","craftItem.minecraft.wooden_pickaxe","Wooden Pickaxe","crafted",31,"Bediko",18
"405","craftItem.minecraft.wooden_sword","Wooden Sword","crafted",5,"daborstie",2
"406","craftItem.minecraft.stone_shovel","Stone Shovel","crafted",73,"daborstie",36
"407","useItem.minecraft.stone_shovel","Stone Shovel","used",9626,"daborstie",4773
"408","breakItem.minecraft.stone_shovel","Stone Shovel","broken",67,"daborstie",36
"409","useItem.minecraft.acacia_stairs","Acacia Wood Stairs","used",14,"alexex",14
"410","mineBlock.minecraft.acacia_stairs","Acacia Wood Stairs","mined",1,"alexex",1
"411","breakItem.minecraft.diamond_pickaxe","Diamond Pickaxe","broken",13,"BenemitC",9
"412","craftItem.minecraft.stained_hardened_clay","Stained Clay","crafted",320,"madmalik",320
"413","useItem.minecraft.golden_sword","Golden Sword","used",506,"Lichtlos",279
"414","breakItem.minecraft.stone_sword","Stone Sword","broken",1,"madmalik",1
"415","craftItem.minecraft.lit_pumpkin","Jack o'Lantern","crafted",64,"madmalik",64
